user,item,rating
i5d9i87919,Kid's Shoes Summer Sandals Children's Shoes Boys Shoes Cartoon Shoes Non-slip Beach Shoes kids slipper Captain America Spider Man Batman,5
khoochailuan87,Ready Stock Shoes Kids Sport Shoes kids Velcro Breathable Mesh Vamp Sneakers LED Sneakers Spiderman Spiderman,5
khairul_nisa09,Ready Stock Kids Shoes boy&girls Sports Shoes kasut sukan Breathable mesh sneakers,5
rayqalshah,Ready Stock Kids Shoes ULTRAMAN Kid's Sandals Velcro Casual Shoes Luminous Sole,5
adyndaadyna,Ready Stock Kids Shoes Net Breathable Casual Shoes Boys Girlscandy color non-slip wear-resistant breathable shoes,5
ibah_zailani,Ready Stock Kids Shoes Net Breathable Casual Shoes Boys Girlscandy color non-slip wear-resistant breathable shoes,5
hatikahshah,Ready Stock Kids Shoes Net Breathable Casual Shoes Boys Girlscandy color non-slip wear-resistant breathable shoes,5
sitinoraishahjaamat,Ready Stock Kids Shoes Net Breathable Casual Shoes Boys Girlscandy color non-slip wear-resistant breathable shoes,5
fazesya,Ready Stock Kids Shoes Net Breathable Casual Shoes Boys Girlscandy color non-slip wear-resistant breathable shoes,5
aqimasan,Ready Stock Kids Shoes Kids Fashion Canvas Shoes Mickey Mouse 2 Color Velcro Shoes,5
nalzaukgnet,Ready Stock Kids Shoes boy&girls Sports Shoes kasut sukan Breathable mesh sneakers,5
arlene_ronald86.,Children's Shoes Children's Sandals Casual Shoes Beach Shoes Donald Duck Disney Cute Sandals Non-slip and Breathable Comfortable and Waterproof,5
nurhazizilis,Ready Stock Kids Shoes Net Breathable Casual Shoes Boys Girlscandy color non-slip wear-resistant breathable shoes,5
laurazeno8585q,Ready Stock Kids Shoes boy&girls Sports Shoes kasut sukan Breathable mesh sneakers,5
azreennurbintizainal,Ready Stock Kids Shoes boy&girls Sports Shoes kasut sukan Breathable mesh sneakers,5
darrencool777,Children's Shoes Children's Sandals Casual Shoes Beach Shoes Donald Duck Disney Cute Sandals Non-slip and Breathable Comfortable and Waterproof,5
elaine8226,Ready Stock Shoes Kids Sport Shoes Girls Velcro Breathable Mesh Vamp Sneakers LED Sneakers,5
amin141137,Ready Stock Kids Shoes Children's Sports Shoes Velcro Soft Running Shoes,5
siawsan827,Ready Stock Kids Shoes Net Breathable Casual Shoes Boys Girlscandy color non-slip wear-resistant breathable shoes,5
shownsalleh,Ready Stock Kids Shoes Net Breathable Casual Shoes Boys Girlscandy color non-slip wear-resistant breathable shoes,5
suhaizabasri,Ready Stock Shoes Kids Sport Shoes Girls Velcro Breathable Mesh Vamp Sneakers LED Sneakers,5
sj2611,Children's Shoes Children's Sandals Casual Shoes Beach Shoes Donald Duck Disney Cute Sandals Non-slip and Breathable Comfortable and Waterproof,5
nurulnurhuda1511,Ready Stock Kids Shoes boy&girls Sports Shoes kasut sukan Breathable mesh sneakers,5
nurmulyatifaezahmustafa,Children's Shoes Children's Sandals Casual Shoes Beach Shoes Donald Duck Disney Cute Sandals Non-slip and Breathable Comfortable and Waterproof,5
syaqira_basyd,Ready Stock Kids Shoes Net Breathable Casual Shoes Boys Girlscandy color non-slip wear-resistant breathable shoes,5
nazurahrosly,Ready Stock Kids Shoes Net Breathable Casual Shoes Boys Girlscandy color non-slip wear-resistant breathable shoes,5
dayah2192,Ready Stock Kids Shoes Net Breathable Casual Shoes Boys Girlscandy color non-slip wear-resistant breathable shoes,5
zuraidahbadri,Ready Stock Kids Shoes Net Breathable Casual Shoes Boys Girlscandy color non-slip wear-resistant breathable shoes,5
skyhaneul,Ready Stock Kids Shoes Net Breathable Casual Shoes Boys Girlscandy color non-slip wear-resistant breathable shoes,5
zahari7558,Ready Stock Kids Shoes Kids Fashion Shoes Kids Sneaker boys Kasut kids,5
donmikail,Children's Shoes Children's Sandals Casual Shoes Beach Shoes Donald Duck Disney Cute Sandals Non-slip and Breathable Comfortable and Waterproof,5
sharon5114,Children's Shoes Children's Sandals Casual Shoes Beach Shoes Donald Duck Disney Cute Sandals Non-slip and Breathable Comfortable and Waterproof,5
nikki4718,Ready Stock Kids Shoes ULTRAMAN Kid's Sandals Velcro Casual Shoes Luminous Sole,5
hankhian,Children's Shoes Children's Sandals Casual Shoes Beach Shoes Donald Duck Disney Cute Sandals Non-slip and Breathable Comfortable and Waterproof,5
iesyafieza87,Ready Stock Kids Shoes Net Breathable Casual Shoes Boys Girlscandy color non-slip wear-resistant breathable shoes,5
rayqalshah,Ready Stock Kids Shoes ULTRAMAN Kid's Sandals Velcro Casual Shoes Luminous Sole,5
myilvelusomasundaram,Ready Stock Kids Shoes Net Breathable Casual Shoes Boys Girlscandy color non-slip wear-resistant breathable shoes,5
mesmeriza87,Kid's Shoes Summer Sandals Children's Shoes Boys Shoes Cartoon Shoes Non-slip Beach Shoes kids slipper Captain America Spider Man Batman,5
azamasuwar,Ready Stock Kids Shoes Net Breathable Casual Shoes Boys Girlscandy color non-slip wear-resistant breathable shoes,5
mizasgrentung,Ready Stock Kids Shoes Children's Sports Shoes Sneakers Breathable Mesh Vamp Shoes,5
mohdalibinendut,Ready Stock Kids Shoes Kids Fashion Canvas Shoes Mickey Mouse 2 Color Velcro Shoes,5
ainiazuan87,Ready Stock Kids Shoes Net Breathable Casual Shoes Boys Girlscandy color non-slip wear-resistant breathable shoes,5
willem_xx,Ready Stock Kids Shoes Net Breathable Casual Shoes Boys Girlscandy color non-slip wear-resistant breathable shoes,5
willem_xx,Ready Stock Kids Shoes Breathable Casual Shoes Velcro Fashion Non-slip Sneakers 3 Colors,5
nurmulyatifaezahmustafa,Children's Shoes Children's Sandals Casual Shoes Beach Shoes Donald Duck Disney Cute Sandals Non-slip and Breathable Comfortable and Waterproof,5
dean5457,Ready Stock Kids Shoes ULTRAMAN Kid's Sandals Velcro Casual Shoes Luminous Sole,5
sitifairuzrosli,Ready Stock Kids Shoes Net Breathable Casual Shoes Boys Girlscandy color non-slip wear-resistant breathable shoes,5
suhaida1980,Kid's Shoes Summer Sandals Children's Shoes Boys Shoes Cartoon Shoes Non-slip Beach Shoes kids slipper Captain America Spider Man Batman,5
ikhlasetiabadiey83,Kid's Shoes Summer Sandals Children's Shoes Boys Shoes Cartoon Shoes Non-slip Beach Shoes kids slipper Captain America Spider Man Batman,5
fallenorc,Kid's Shoes Summer Sandals Children's Shoes Boys Shoes Cartoon Shoes Non-slip Beach Shoes kids slipper Captain America Spider Man Batman,5
gracestvtiger,Ready Stock Kids Shoes Net Breathable Casual Shoes Boys Girlscandy color non-slip wear-resistant breathable shoes,5
herieslinda,Ready Stock Kids Shoes Net Breathable Casual Shoes Boys Girlscandy color non-slip wear-resistant breathable shoes,5
komathimuniandy,Ready Stock Kids Shoes Net Breathable Casual Shoes Boys Girlscandy color non-slip wear-resistant breathable shoes,5
yafiq90,Ready Stock Kids Shoes Net Breathable Casual Shoes Boys Girlscandy color non-slip wear-resistant breathable shoes,5
msirene1911,Kid's Shoes Summer Sandals Children's Shoes Boys Shoes Cartoon Shoes Non-slip Beach Shoes kids slipper Captain America Spider Man Batman,5
jessicatusi,Ready Stock Kids Shoes ULTRAMAN Kid's Sandals Velcro Casual Shoes Luminous Sole,5
angelkarcy,Children's Shoes Children's Sandals Casual Shoes Beach Shoes Donald Duck Disney Cute Sandals Non-slip and Breathable Comfortable and Waterproof,5
angelkarcy,Ready Stock Kids Shoes Net Breathable Casual Shoes Boys Girlscandy color non-slip wear-resistant breathable shoes,5
anitaawie,Kid's Shoes Summer Sandals Children's Shoes Boys Shoes Cartoon Shoes Non-slip Beach Shoes kids slipper Captain America Spider Man Batman,5
hudabalsem1,Ready Stock Kids Shoes Net Breathable Casual Shoes Boys Girlscandy color non-slip wear-resistant breathable shoes,5
alesaarahmani,Kid's Shoes Summer Sandals Children's Shoes Boys Shoes Cartoon Shoes Non-slip Beach Shoes kids slipper Captain America Spider Man Batman,5
lfchen0811,Ready Stock Kids Shoes Kids Fashion Canvas Shoes Mickey Mouse 2 Color Velcro Shoes,5
lfchen0811,Ready Stock Kids Shoes Breathable Casual Shoes Velcro Fashion Non-slip Sneakers 3 Colors,5
lfchen0811,Ready Stock Kids Shoes Mesh Breathable Casual Shoes For Boys and Girls,5
babycassie19519,Kids Shoes Children's Canvas Shoes Fashion Casual Shoes for Boys and Girls Comfortable and Non-slip,5
babycassie19519,Kids Shoes Children's Casual Shoes Mesh Breathable Stitching Velcro Fashion Shoes Soft and Light,5
babycassie19519,Kid's Shoes Summer Sandals Children's Shoes Boys Shoes Cartoon Shoes Non-slip Beach Shoes kids slipper Captain America Spider Man Batman,5
ginhoo87,Children's Shoes Children's Sandals Casual Shoes Beach Shoes Donald Duck Disney Cute Sandals Non-slip and Breathable Comfortable and Waterproof,5
mr_smith,Ready Stock Kids Shoes Net Breathable Casual Shoes Boys Girlscandy color non-slip wear-resistant breathable shoes,4
hizathamid,Kid's Shoes Summer Sandals Children's Shoes Boys Shoes Cartoon Shoes Non-slip Beach Shoes kids slipper Captain America Spider Man Batman,2
